,rep1,rep2,rep5,rep6
TYR237,1.3096351730589337,7.324595219737856,3.096903096903097,43.55644355644356
LEU267,65.48175865294668,1.6191210485736314,0.8991008991008992,40.15984015984016
SER268,15.622076707202995,14.494988434849654,2.797202797202797,0.0999000999000999
GLN269,22.5444340505145,4.086353122590594,0.0999000999000999,7.992007992007992
ALA270,10.851262862488307,3.6237471087124136,0.0999000999000999,4.295704295704296
