site,persist_rep1,persist_rep2,persist_rep3,max_persist,gate,cx,cy,cz
473,0.20398009950248755,0.13930348258706468,0.15422885572139303,0.204,PASS,65.41,64.13,59.47
