site,persist_rep1,persist_rep2,persist_rep3,max_persist,gate,cx,cy,cz
680,0.24855491329479767,0.06790123456790123,0.11695906432748537,0.2486,PASS,63.84,95.01,94.2
739,0.14450867052023122,0.006172839506172839,0.017543859649122806,0.1445,FAIL,53.75,86.42,100.78
688,0.1329479768786127,0.22839506172839505,0.2222222222222222,0.2284,PASS,78.03,92.58,103.52
747,0.12138728323699421,0.030864197530864196,0.05847953216374269,0.1214,FAIL,62.76,89.4,102.06
1584,0.0,0.0,0.08187134502923976,0.0819,FAIL,88.56,50.99,80.99
1813,0.08092485549132948,0.043209876543209874,0.36257309941520466,0.3626,PASS,69.4,77.34,112.73
